movieId,count,mean
2571,668,4.195359281437126
4993,628,4.0915605095541405
356,621,3.918679549114332
296,613,4.217781402936378
5952,597,4.035175879396985
2959,588,4.258503401360544
7153,577,4.067590987868284
318,564,4.36436170212766
260,535,4.08411214953271
593,533,4.048780487804878
